{"cameraMode":{"drawMode":0,"name":"Shaded","section":"Shading Mode"},"sceneLighting":true,"audioPlay":false,"sceneViewState":{"m_AlwaysRefresh":false,"showFog":true,"showSkybox":true,"showFlares":true,"showImageEffects":true,"showParticleSystems":true,"showVisualEffectGraphs":true,"m_FxEnabled":true},"in2DMode":false,"pivot":{"x":-2.4212758541107179,"y":-0.13710403442382813,"z":3.422870635986328},"rotation":{"x":-0.3806403577327728,"y":0.1455431580543518,"z":-0.06081501767039299,"w":-0.9111874103546143},"size":11.836060523986817,"orthographic":false}